CREATE DATABASE DB8;
USE DB8;

CREATE TABLE EMPLOYEES1(
	EMP_ID INT,
    EMP_NAME VARCHAR(20)
);
INSERT INTO EMPLOYEES1 VALUE (101,"USER1"),(102,"USER2"),(101,"USER3");
SELECT * FROM EMPLOYEES1;
INSERT INTO EMPLOYEES1 (EMP_NAME) VALUES ("USER4");
SELECT * FROM EMPLOYEES1;

CREATE TABLE EMPLOYEE11(
	EMP_ID INT PRIMARY KEY,
    EMP_NAME VARCHAR(20)
);
INSERT INTO EMPLOYEE11 VALUES
(101,"USER1"),
(102,"USER2");
SELECT * FROM EMPLOYEE11;
INSERT INTO EMPLOYEE11 VALUES (101,"USER3");
INSERT INTO EMPLOYEE11 (EMP_NAME) VALUES ("USER4");


CREATE TABLE EMPLOYEES13(
	EMP_ID INT PRIMARY KEY,
    EMP_NAME VARCHAR(20) UNIQUE
);

INSERT INTO EMPLOYEES13 VALUES (101,"EMP1"),(102,"EMP2");
SELECT * FROM EMPLOYEES13;

INSERT INTO EMPLOYEES13 VALUES (103,"EMP2");
INSERT INTO EMPLOYEES13 (EMP_ID) VALUES (104);
SELECT * FROM EMPLOYEES13;

CREATE TABLE EMPLOYEES14(
	EMP_ID INT,
    EMP_NAME VARCHAR(20) NOT NULL
);
INSERT INTO EMPLOYEES14 VALUES (101,"EMP1"),(102,"EMP2");
SELECT * FROM EMPLOYEES14;
INSERT INTO EMPLOYEES14 VALUES (103,"EMP2");
SELECT * FROM EMPLOYEES14;
INSERT INTO EMPLOYEES14 (EMP_ID) VALUE (104);

CREATE TABLE EMPLOYEES15(
	EMP_ID INT,
    EMP_NAME VARCHAR(20) DEFAULT "EMPLOYEE"
);
INSERT INTO EMPLOYEES15 VALUES (101,"EMP1");
SELECT * FROM EMPLOYEES15;
INSERT INTO EMPLOYEES15 (EMP_ID) VALUES (102);
SELECT * FROM EMPLOYEES15;

CREATE TABLE EMPLOYEES16(
	EMP_ID INT,
    EMP_NAME VARCHAR(15) NOT NULL DEFAULT "HELLO"
);

CREATE TABLE EMPLOYEES17(
	EMP_ID INT,
    EMP_AGE INT CHECK (EMP_AGE >= 18)
);
INSERT INTO EMPLOYEES17 VALUES (101,45);
SELECT * FROM EMPLOYEES17;
INSERT INTO EMPLOYEES17 VALUES (101,18);
SELECT * FROM EMPLOYEES17;
INSERT INTO EMPLOYEES17 VALUES (102,17);



CREATE TABLE EMPLOYEES18(
	EMP_ID INT PRIMARY KEY AUTO_INCREMENT,
    EMP_NAME VARCHAR(20)
);
INSERT INTO EMPLOYEES18 (EMP_NAME) VALUES ("SAI VARDHAN");
SELECT * FROM EMPLOYEES18;
INSERT INTO EMPLOYEES18 (EMP_NAME) VALUES ("VARDHAN");
SELECT * FROM EMPLOYEES18;
INSERT INTO EMPLOYEES18 VALUES (101,"EMP1");
SELECT * FROM EMPLOYEES18;
INSERT INTO EMPLOYEES18 (EMP_NAME) VALUES ("EMP2");
SELECT * FROM EMPLOYEES18;